<?xml version="1.0" encoding="UTF-8"?>
<module>
	<name>analytics</name>
	<version>1.0.0</version>
	<requirements>
		<minimum_version>2.0.0</minimum_version>
	</requirements>
	<description>
		<![CDATA[
			No need to log into different places to manage your website. Within Fork CMS, you can both manage the content of the site and see statistics of how the site is used.
			Full integration of Google Analytics, but with a filter. We chose the actionable data the average webmaster uses from Google Analytics, and display it within the back-end of Fork CMS. No clutter or unused statistics: only the essentials.
			For those that want to dig in deeper, integrated links to Google Analytics are provided.
		]]>
	</description>
	<authors>
		<author>
			<name><![CDATA[Annelies van Extergem]]></name>
			<url><![CDATA[http://www.annelyze.be]]></url>
		</author>
		<author>
			<name><![CDATA[Dieter Vanden Eynde]]></name>
			<url><![CDATA[http://www.dieterve.be]]></url>
		</author>
	</authors>
	<events>
		<event application="backend" name="after_add_landing_page"><![CDATA[Triggered when a landing page is added.]]></event>
		<event application="backend" name="after_delete_landing_page"><![CDATA[Triggered when a landing page is deleted.]]></event>
	</events>
	<cronjobs>
		<cronjob minute="33" hour="0" day-of-month="*" month="*" day-of-week="*" action="get_data"><![CDATA[Fetches the requested data from the Google Analytics API.]]></cronjob>
		<cronjob minute="34" hour="0" day-of-month="*" month="*" day-of-week="*" action="get_traffic_sources"><![CDATA[Fetches the traffic sources from the Google Analytics API.]]></cronjob>
	</cronjobs>
</module>
