<?xml version="1.0" encoding="UTF-8"?>
<module>
	<name>blog</name>
	<version>1.0.0</version>
	<requirements>
		<minimum_version>2.0.0</minimum_version>
	</requirements>
	<description>
		<![CDATA[
			The Blog (you could also call it 'News') module features everything you need to easily post articles on your website. All you need to do is provide the content. Your visitors will be able to discuss your article and share it to friends via social networks.
			Some of the more advanced features:
			* scheduled publishing
			* advanced seo tweaking per article
			* filter articles on category, tag, year of publication or author
			* comments with automatic spam detection
			* visitors can subscribe to comments via e-mai
			* Facebook like, Google+ and Tweet-button
			* automatic recommendation of related articles
		]]>
	</description>
	<authors>
		<author>
			<name><![CDATA[Davy Hellemans]]></name>
			<url><![CDATA[http://blog.bauffman.be]]></url>
		</author>
		<author>
			<name><![CDATA[Dave Lens]]></name>
			<url><![CDATA[http://www.davelens.be]]></url>
		</author>
		<author>
			<name><![CDATA[Tijs Verkoyen]]></name>
			<url><![CDATA[http://www.sumocoders.be]]></url>
		</author>
		<author>
			<name><![CDATA[Matthias Mullie]]></name>
			<url><![CDATA[http://www.mullie.eu]]></url>
		</author>
	</authors>
	<events>
		<event application="backend" name="after_add"><![CDATA[Triggered when an article is added.]]></event>
		<event application="backend" name="after_delete"><![CDATA[Triggered when an article is deleted.]]></event>
		<event application="backend" name="after_edit"><![CDATA[Triggered when an article is edited.]]></event>
		<event application="backend" name="after_add_category"><![CDATA[Triggered when a category is added.]]></event>
		<event application="backend" name="after_delete_category"><![CDATA[Triggered when a category is deleted.]]></event>
		<event application="backend" name="after_edit_category"><![CDATA[Triggered when a category is edited.]]></event>
		<event application="backend" name="after_edit_comment"><![CDATA[Triggered when a comment is edited.]]></event>
		<event application="backend" name="after_saved_settings"><![CDATA[Triggered when the settings are saved.]]></event>
		<event application="frontend" name="after_add_comment"><![CDATA[Triggered when a comment is added.]]></event>
	</events>
</module>